<?xml version="1.0" encoding="utf-8"?>
<database name="eventoqi">
        <table name="status">
            <column name="Id_Status">1</column>
            <column name="Descricao">Aberto</column>
        </table>
        <table name="status">
            <column name="Id_Status">2</column>
            <column name="Descricao">Em andamento</column>
        </table>
        <table name="status">
            <column name="Id_Status">3</column>
            <column name="Descricao">Concluido</column>
        </table>
    </database>
